,種類,地区名,最寄駅,最寄駅からの距離（分）,取引価格（総額）,面積（㎡）,建築年
0,宅地(土地と建物),池袋,池袋,8,1200000000,440,1997.0
1,中古マンション等,池袋,池袋,11,18000000,15,1991.0
2,中古マンション等,池袋,池袋,11,24000000,20,2011.0
3,中古マンション等,池袋,池袋,11,25000000,30,1991.0
4,中古マンション等,池袋,池袋,11,24000000,20,2011.0
5,中古マンション等,池袋,池袋,11,22000000,20,2010.0
6,宅地(土地と建物),池袋,池袋,10,32000000,40,1996.0
7,宅地(土地と建物),池袋,池袋,9,40000000,110,1980.0
9,中古マンション等,池袋,池袋,10,10000000,15,1986.0
10,中古マンション等,池袋,池袋,9,21000000,20,2007.0
11,中古マンション等,池袋,池袋,13,17000000,20,2001.0
12,中古マンション等,池袋,池袋,7,23000000,20,2005.0
13,中古マンション等,池袋,池袋,7,23000000,20,2007.0
14,中古マンション等,池袋,池袋,10,10000000,15,1986.0
15,中古マンション等,池袋,池袋,8,48000000,45,1999.0
16,中古マンション等,池袋,池袋,11,26000000,20,2010.0
17,中古マンション等,池袋,池袋,9,20000000,20,2007.0
18,中古マンション等,池袋,池袋,13,32000000,25,2013.0
19,中古マンション等,池袋,池袋,9,21000000,20,2005.0
20,中古マンション等,池袋,池袋,10,22000000,20,2012.0
22,宅地(土地と建物),池袋,池袋,11,680000000,230,1985.0
23,宅地(土地と建物),池袋,池袋,7,100000000,45,1980.0
25,中古マンション等,池袋,池袋,13,25000000,20,2013.0
26,中古マンション等,池袋,池袋,8,19000000,20,2009.0
27,中古マンション等,池袋,池袋,14,48000000,65,1984.0
28,中古マンション等,池袋,池袋,11,23000000,20,2010.0
29,中古マンション等,池袋,池袋,9,25000000,20,2012.0
30,中古マンション等,池袋,池袋,9,21000000,20,2012.0
31,中古マンション等,池袋,池袋,9,22000000,20,2005.0
32,中古マンション等,池袋,池袋,8,14000000,15,1985.0
33,中古マンション等,池袋,池袋,9,22000000,20,2007.0
34,中古マンション等,池袋,池袋,11,51000000,50,2002.0
35,中古マンション等,池袋,池袋,11,20000000,20,2010.0
36,中古マンション等,池袋,要町,3,19000000,20,2002.0
37,宅地(土地と建物),池袋,要町,6,71000000,110,1988.0
38,中古マンション等,池袋,要町,1,23000000,20,2013.0
39,中古マンション等,池袋本町,池袋,15,25000000,20,2010.0
40,中古マンション等,池袋本町,板橋,2,80000000,70,2011.0
41,中古マンション等,池袋本町,板橋,2,84000000,70,2011.0
42,中古マンション等,池袋本町,板橋,2,57000000,55,2011.0
44,宅地(土地と建物),池袋本町,北池袋,6,380000000,170,2021.0
45,中古マンション等,池袋本町,北池袋,10,7000000,20,1990.0
46,中古マンション等,池袋本町,北池袋,10,21000000,20,2005.0
47,中古マンション等,池袋本町,北池袋,10,15000000,20,1990.0
49,中古マンション等,池袋本町,北池袋,9,9500000,20,1988.0
50,中古マンション等,池袋本町,北池袋,5,23000000,20,2007.0
51,中古マンション等,池袋本町,北池袋,10,22000000,20,2007.0
52,中古マンション等,池袋本町,北池袋,10,16000000,20,1990.0
53,宅地(土地と建物),池袋本町,北池袋,8,310000000,115,2019.0
55,宅地(土地と建物),池袋本町,北池袋,11,54000000,45,2021.0
56,中古マンション等,池袋本町,北池袋,5,11000000,15,1988.0
57,中古マンション等,池袋本町,北池袋,11,55000000,60,2005.0
58,中古マンション等,池袋本町,北池袋,10,23000000,20,2007.0
59,中古マンション等,池袋本町,下板橋,4,12000000,30,2010.0
60,中古マンション等,池袋本町,下板橋,3,34000000,25,2020.0
61,中古マンション等,池袋本町,下板橋,3,34000000,25,2020.0
62,中古マンション等,池袋本町,下板橋,3,34000000,25,2020.0
63,中古マンション等,池袋本町,下板橋,3,34000000,25,2020.0
64,中古マンション等,池袋本町,下板橋,4,38000000,30,2020.0
65,中古マンション等,池袋本町,下板橋,3,34000000,25,2020.0
66,中古マンション等,池袋本町,下板橋,3,34000000,25,2020.0
67,中古マンション等,池袋本町,下板橋,7,43000000,65,1997.0
68,中古マンション等,池袋本町,下板橋,7,55000000,65,1997.0
69,中古マンション等,池袋本町,下板橋,3,34000000,25,2020.0
70,中古マンション等,池袋本町,下板橋,7,15000000,20,1999.0
72,中古マンション等,池袋本町,下板橋,7,16000000,20,1999.0
73,中古マンション等,池袋本町,下板橋,4,38000000,30,2020.0
74,中古マンション等,池袋本町,下板橋,3,34000000,25,2020.0
75,中古マンション等,池袋本町,下板橋,3,34000000,25,2020.0
76,中古マンション等,池袋本町,下板橋,3,34000000,25,2020.0
77,中古マンション等,池袋本町,下板橋,3,34000000,25,2020.0
78,中古マンション等,池袋本町,下板橋,4,35000000,25,2020.0
79,中古マンション等,池袋本町,下板橋,3,31000000,25,2020.0
80,中古マンション等,池袋本町,下板橋,7,45000000,50,1997.0
81,中古マンション等,池袋本町,下板橋,3,35000000,25,2020.0
82,中古マンション等,池袋本町,下板橋,3,32000000,25,2020.0
83,中古マンション等,要町,要町,0,31000000,40,1979.0
84,宅地(土地と建物),要町,要町,5,66000000,45,2021.0
85,宅地(土地と建物),要町,要町,1,420000000,230,1997.0
86,中古マンション等,要町,千川,3,55000000,50,1999.0
87,中古マンション等,要町,千川,1,29000000,45,1971.0
88,中古マンション等,要町,千川,1,38000000,45,1971.0
89,中古マンション等,要町,千川,3,18000000,20,1996.0
90,宅地(土地と建物),要町,千川,2,79000000,85,2021.0
92,宅地(土地と建物),要町,千川,5,91000000,70,2020.0
93,中古マンション等,上池袋,池袋,12,41000000,45,1986.0
94,宅地(土地と建物),上池袋,池袋,14,62000000,50,2010.0
95,宅地(土地と建物),上池袋,池袋,12,88000000,90,2021.0
96,中古マンション等,上池袋,池袋,12,21000000,20,2000.0
97,中古マンション等,上池袋,池袋,12,22000000,20,2000.0
98,中古マンション等,上池袋,池袋,12,21000000,20,2000.0
99,中古マンション等,上池袋,池袋,11,21000000,20,1999.0
100,中古マンション等,上池袋,板橋,6,70000000,70,2005.0
101,中古マンション等,上池袋,板橋,6,61000000,70,2005.0
102,中古マンション等,上池袋,板橋,7,45000000,60,1996.0
103,中古マンション等,上池袋,大塚(東京),9,77000000,80,2006.0
105,中古マンション等,上池袋,大塚(東京),12,63000000,80,2006.0
106,中古マンション等,上池袋,大塚(東京),12,17000000,20,2013.0
107,宅地(土地と建物),上池袋,北池袋,7,22000000,70,1967.0
108,中古マンション等,上池袋,北池袋,9,60000000,85,1991.0
109,中古マンション等,上池袋,北池袋,8,60000000,65,2005.0
110,宅地(土地と建物),上池袋,北池袋,13,68000000,60,2021.0
111,宅地(土地と建物),上池袋,北池袋,3,80000000,105,2020.0
112,宅地(土地と建物),上池袋,北池袋,13,22000000,40,1969.0
113,宅地(土地と建物),上池袋,北池袋,3,74000000,75,2021.0
117,中古マンション等,上池袋,北池袋,8,19000000,20,1988.0
118,中古マンション等,上池袋,北池袋,9,64000000,90,1997.0
119,中古マンション等,上池袋,北池袋,8,20000000,20,2007.0
123,宅地(土地と建物),上池袋,北池袋,7,75000000,110,1996.0
125,宅地(土地と建物),上池袋,北池袋,8,290000000,270,2020.0
126,宅地(土地と建物),上池袋,北池袋,4,9800000,50,1950.0
127,宅地(土地と建物),上池袋,北池袋,9,45000000,75,1978.0
128,宅地(土地と建物),上池袋,北池袋,6,14000000,45,1973.0
129,宅地(土地と建物),上池袋,北池袋,10,66000000,65,2020.0
131,宅地(土地と建物),上池袋,北池袋,7,53000000,65,2012.0
132,中古マンション等,上池袋,北池袋,1,37000000,35,2002.0
133,中古マンション等,上池袋,北池袋,1,38000000,45,2002.0
134,中古マンション等,上池袋,北池袋,6,12000000,15,1988.0
135,中古マンション等,上池袋,北池袋,2,15000000,20,2008.0
136,中古マンション等,上池袋,西巣鴨,9,52000000,80,1979.0
137,中古マンション等,北大塚,大塚(東京),6,23000000,20,2003.0
138,中古マンション等,北大塚,大塚(東京),4,23000000,20,2010.0
139,中古マンション等,北大塚,大塚(東京),5,19000000,20,2001.0
140,宅地(土地と建物),北大塚,大塚(東京),10,19000000,35,1976.0
141,宅地(土地と建物),北大塚,大塚(東京),8,330000000,155,2021.0
142,宅地(土地と建物),北大塚,大塚(東京),8,72000000,105,1975.0
143,中古マンション等,北大塚,大塚(東京),5,20000000,20,2002.0
144,中古マンション等,北大塚,大塚(東京),4,22000000,20,2005.0
145,中古マンション等,北大塚,大塚(東京),6,18000000,20,2003.0
146,中古マンション等,北大塚,大塚(東京),7,70000000,65,2000.0
147,中古マンション等,北大塚,大塚(東京),5,21000000,20,2002.0
148,中古マンション等,北大塚,大塚(東京),5,25000000,20,2011.0
149,宅地(土地と建物),北大塚,大塚(東京),6,120000000,80,2004.0
150,中古マンション等,北大塚,大塚(東京),4,16000000,20,2010.0
151,中古マンション等,北大塚,大塚(東京),5,24000000,20,2011.0
152,中古マンション等,北大塚,大塚(東京),4,42000000,45,2000.0
153,中古マンション等,北大塚,大塚(東京),4,67000000,65,2000.0
154,中古マンション等,北大塚,大塚(東京),4,68000000,65,2012.0
155,中古マンション等,北大塚,大塚(東京),9,21000000,20,2013.0
156,宅地(土地と建物),駒込,駒込,3,200000000,165,1990.0
157,中古マンション等,駒込,駒込,3,66000000,60,2009.0
158,中古マンション等,駒込,駒込,6,60000000,60,2003.0
159,中古マンション等,駒込,駒込,2,54000000,45,2013.0
160,中古マンション等,駒込,駒込,8,76000000,70,2010.0
161,中古マンション等,駒込,駒込,2,43000000,45,1997.0
162,中古マンション等,駒込,駒込,3,22000000,20,2010.0
163,中古マンション等,駒込,駒込,6,73000000,70,1998.0
164,宅地(土地と建物),駒込,駒込,1,410000000,125,1992.0
165,宅地(土地と建物),駒込,駒込,11,26000000,40,1973.0
166,中古マンション等,駒込,駒込,2,80000000,70,2013.0
167,中古マンション等,駒込,駒込,2,47000000,55,1997.0
168,中古マンション等,駒込,駒込,6,15000000,40,1968.0
169,中古マンション等,駒込,駒込,1,12000000,15,1985.0
170,中古マンション等,駒込,駒込,5,36000000,35,2004.0
171,中古マンション等,駒込,駒込,2,28000000,35,1976.0
172,中古マンション等,駒込,巣鴨,13,51000000,50,2000.0
174,宅地(土地と建物),駒込,巣鴨,10,44000000,50,1996.0
175,宅地(土地と建物),巣鴨,池袋,8,230000000,170,2020.0
176,中古マンション等,巣鴨,大塚(東京),9,19000000,20,2007.0
178,宅地(土地と建物),巣鴨,大塚(東京),8,150000000,260,1974.0
180,中古マンション等,巣鴨,大塚(東京),9,18000000,25,2007.0
181,中古マンション等,巣鴨,大塚(東京),9,20000000,20,2007.0
182,宅地(土地と建物),巣鴨,巣鴨,9,140000000,115,2011.0
183,中古マンション等,巣鴨,巣鴨,3,20000000,20,2005.0
184,中古マンション等,巣鴨,巣鴨,6,22000000,20,1998.0
189,中古マンション等,巣鴨,巣鴨,8,21000000,20,1990.0
190,中古マンション等,巣鴨,巣鴨,3,58000000,50,2013.0
191,中古マンション等,巣鴨,巣鴨,2,24000000,20,2012.0
192,中古マンション等,巣鴨,巣鴨,2,25000000,20,2016.0
193,中古マンション等,巣鴨,巣鴨,6,16000000,20,1998.0
194,中古マンション等,巣鴨,巣鴨,4,22000000,20,2011.0
195,中古マンション等,巣鴨,巣鴨,5,23000000,25,1986.0
196,中古マンション等,巣鴨,巣鴨,8,8500000,15,1990.0
197,中古マンション等,巣鴨,巣鴨,3,63000000,65,2000.0
198,中古マンション等,巣鴨,巣鴨,12,25000000,30,1984.0
199,中古マンション等,巣鴨,巣鴨,11,20000000,20,2000.0
200,宅地(土地と建物),巣鴨,巣鴨,11,61000000,65,2021.0
201,宅地(土地と建物),巣鴨,巣鴨,10,62000000,85,2021.0
202,宅地(土地と建物),巣鴨,巣鴨,4,160000000,90,1960.0
203,宅地(土地と建物),巣鴨,巣鴨,6,1100000000,250,2021.0
204,中古マンション等,巣鴨,巣鴨,10,12000000,15,1990.0
205,中古マンション等,巣鴨,巣鴨,6,21000000,20,1998.0
206,中古マンション等,巣鴨,巣鴨,2,25000000,20,2006.0
208,中古マンション等,巣鴨,巣鴨,10,12000000,15,1990.0
209,中古マンション等,巣鴨,巣鴨,6,19000000,20,1998.0
210,中古マンション等,巣鴨,巣鴨,12,28000000,35,1984.0
211,中古マンション等,巣鴨,巣鴨,8,17000000,20,1990.0
212,中古マンション等,巣鴨,巣鴨,5,52000000,50,2015.0
213,中古マンション等,巣鴨,巣鴨,2,13000000,25,1977.0
214,中古マンション等,巣鴨,巣鴨,5,22000000,20,2010.0
215,中古マンション等,巣鴨,巣鴨,8,18000000,30,1990.0
218,中古マンション等,巣鴨,巣鴨,2,17000000,25,1977.0
220,中古マンション等,巣鴨,西巣鴨,4,70000000,70,2006.0
221,宅地(土地と建物),巣鴨,西巣鴨,6,58000000,65,2021.0
223,中古マンション等,巣鴨,西巣鴨,6,17000000,20,1993.0
224,中古マンション等,巣鴨,西巣鴨,6,63000000,60,2008.0
225,中古マンション等,巣鴨,西巣鴨,8,39000000,50,1998.0
226,中古マンション等,巣鴨,西巣鴨,4,62000000,55,2006.0
229,宅地(土地と建物),巣鴨,西巣鴨,9,22000000,55,1999.0
230,中古マンション等,巣鴨,西巣鴨,4,57000000,65,2006.0
231,中古マンション等,巣鴨,西巣鴨,6,37000000,60,1993.0
232,中古マンション等,巣鴨,西巣鴨,4,47000000,55,2006.0
233,中古マンション等,巣鴨,西巣鴨,4,46000000,55,2006.0
234,中古マンション等,巣鴨,西巣鴨,6,17000000,20,1993.0
235,中古マンション等,巣鴨,西巣鴨,5,33000000,40,2006.0
236,中古マンション等,千川,千川,6,9500000,15,1986.0
237,宅地(土地と建物),千川,千川,6,67000000,90,1976.0
239,中古マンション等,千川,千川,6,7000000,15,1986.0
240,宅地(土地と建物),雑司が谷,護国寺,8,70000000,55,2021.0
241,中古マンション等,雑司が谷,護国寺,6,68000000,80,2002.0
242,中古マンション等,雑司が谷,護国寺,6,56000000,65,2002.0
243,中古マンション等,雑司が谷,護国寺,6,75000000,80,2002.0
244,中古マンション等,雑司が谷,護国寺,6,20000000,20,2003.0
245,中古マンション等,雑司が谷,雑司が谷(東京メトロ),1,22000000,20,1998.0
246,宅地(土地と建物),雑司が谷,雑司が谷(東京メトロ),4,8000000,35,1977.0
248,宅地(土地と建物),雑司が谷,雑司が谷(東京メトロ),5,82000000,50,2021.0
249,宅地(土地と建物),雑司が谷,雑司が谷(東京メトロ),3,61000000,50,2010.0
250,宅地(土地と建物),雑司が谷,雑司が谷(東京メトロ),5,78000000,50,2021.0
251,中古マンション等,雑司が谷,雑司が谷(東京メトロ),3,73000000,75,1997.0
252,中古マンション等,雑司が谷,雑司が谷(東京メトロ),2,59000000,60,1999.0
253,中古マンション等,雑司が谷,雑司が谷(東京メトロ),2,35000000,40,1967.0
254,中古マンション等,高田,学習院下,4,33000000,30,2008.0
255,中古マンション等,高田,学習院下,4,32000000,30,2008.0
256,中古マンション等,高田,学習院下,3,43000000,45,1993.0
257,中古マンション等,高田,雑司が谷(東京メトロ),6,8600000,15,1983.0
258,宅地(土地と建物),高田,雑司が谷(東京メトロ),8,140000000,180,1979.0
259,宅地(土地と建物),高田,雑司が谷(東京メトロ),5,83000000,70,2019.0
260,宅地(土地と建物),高田,雑司が谷(東京メトロ),8,76000000,65,2012.0
261,中古マンション等,高田,雑司が谷(東京メトロ),6,24000000,20,2014.0
263,中古マンション等,高田,雑司が谷(東京メトロ),6,24000000,20,2014.0
264,中古マンション等,高田,雑司が谷(東京メトロ),11,24000000,40,1977.0
265,宅地(土地と建物),高田,雑司が谷(東京メトロ),5,140000000,240,1973.0
266,中古マンション等,高田,雑司が谷(東京メトロ),6,56000000,50,2016.0
267,中古マンション等,高田,雑司が谷(東京メトロ),5,42000000,55,1998.0
268,中古マンション等,高田,雑司が谷(東京メトロ),9,16000000,20,2002.0
269,中古マンション等,高田,雑司が谷(東京メトロ),6,8400000,15,1983.0
270,中古マンション等,高田,雑司が谷(東京メトロ),12,48000000,65,2001.0
271,中古マンション等,高田,雑司が谷(東京メトロ),8,90000000,90,2006.0
273,中古マンション等,高田,高田馬場,8,12000000,35,1976.0
274,中古マンション等,高田,早稲田(メトロ),14,22000000,20,2008.0
275,中古マンション等,高田,早稲田(メトロ),2,23000000,20,2008.0
276,中古マンション等,高田,早稲田(都電),4,34000000,25,2020.0
279,中古マンション等,高松,要町,6,61000000,50,2010.0
280,宅地(土地と建物),高松,要町,8,50000000,45,2020.0
281,宅地(土地と建物),高松,要町,8,61000000,70,2021.0
282,宅地(土地と建物),高松,要町,9,110000000,90,2020.0
283,中古マンション等,高松,要町,7,27000000,30,1991.0
284,中古マンション等,高松,千川,7,70000000,70,2011.0
285,中古マンション等,高松,千川,7,69000000,70,2011.0
286,中古マンション等,千早,要町,2,59000000,55,2004.0
287,中古マンション等,千早,要町,2,44000000,55,2004.0
289,宅地(土地と建物),千早,要町,9,220000000,250,2019.0
291,中古マンション等,千早,要町,5,22000000,30,1991.0
292,宅地(土地と建物),千早,椎名町,9,14000000,40,1970.0
293,宅地(土地と建物),千早,千川,7,380000000,110,2021.0
294,宅地(土地と建物),千早,千川,3,57000000,70,2017.0
295,宅地(土地と建物),千早,千川,5,700000000,680,1990.0
296,中古マンション等,千早,千川,6,8300000,15,1986.0
297,中古マンション等,千早,千川,6,20000000,20,2003.0
298,宅地(土地と建物),千早,東長崎,8,39000000,55,1996.0
299,中古マンション等,長崎,椎名町,6,9000000,10,1984.0
300,中古マンション等,長崎,椎名町,7,7000000,15,1987.0
301,宅地(土地と建物),長崎,椎名町,10,110000000,90,2020.0
302,宅地(土地と建物),長崎,椎名町,3,71000000,95,1995.0
303,中古マンション等,長崎,椎名町,6,15000000,15,1993.0
304,中古マンション等,長崎,椎名町,1,20000000,20,2004.0
305,宅地(土地と建物),長崎,千川,9,110000000,150,1997.0
306,宅地(土地と建物),長崎,千川,9,67000000,80,2021.0
307,宅地(土地と建物),長崎,千川,9,62000000,65,2021.0
308,宅地(土地と建物),長崎,千川,11,5000000,40,1965.0
310,宅地(土地と建物),長崎,千川,9,73000000,70,2021.0
311,中古マンション等,長崎,千川,8,53000000,55,2006.0
312,中古マンション等,長崎,東長崎,11,19000000,20,2015.0
313,宅地(土地と建物),長崎,東長崎,5,89000000,70,2020.0
314,宅地(土地と建物),長崎,東長崎,7,320000000,115,2020.0
315,宅地(土地と建物),長崎,東長崎,8,340000000,145,2020.0
316,宅地(土地と建物),長崎,東長崎,8,25000000,35,1996.0
317,宅地(土地と建物),長崎,東長崎,5,82000000,70,2020.0
318,中古マンション等,長崎,東長崎,11,22000000,20,2015.0
319,中古マンション等,長崎,東長崎,11,23000000,20,2015.0
320,中古マンション等,長崎,東長崎,10,22000000,20,2006.0
322,宅地(土地と建物),長崎,東長崎,10,62000000,75,2021.0
325,宅地(土地と建物),長崎,東長崎,7,72000000,80,2021.0
326,中古マンション等,長崎,東長崎,2,28000000,40,1971.0
327,中古マンション等,長崎,東長崎,11,18000000,20,2015.0
328,中古マンション等,西池袋,池袋,11,24000000,20,2004.0
330,宅地(土地と建物),西池袋,池袋,8,45000000,50,1997.0
331,中古マンション等,西池袋,池袋,5,21000000,20,1998.0
332,中古マンション等,西池袋,池袋,12,25000000,20,2009.0
333,中古マンション等,西池袋,池袋,6,110000000,80,2004.0
334,中古マンション等,西池袋,池袋,6,23000000,20,2003.0
335,中古マンション等,西池袋,池袋,5,76000000,65,2004.0
336,宅地(土地と建物),西池袋,池袋,13,70000000,50,2006.0
337,宅地(土地と建物),西池袋,池袋,6,630000000,440,2010.0
338,中古マンション等,西池袋,池袋,12,28000000,20,2009.0
339,中古マンション等,西池袋,池袋,8,42000000,50,1986.0
340,中古マンション等,西池袋,要町,3,21000000,20,1995.0
341,中古マンション等,西池袋,要町,3,55000000,50,1995.0
342,中古マンション等,西池袋,要町,4,65000000,65,1998.0
343,中古マンション等,西池袋,要町,3,78000000,60,2013.0
344,中古マンション等,西池袋,要町,2,24000000,20,2007.0
345,中古マンション等,西池袋,要町,3,52000000,45,1995.0
346,中古マンション等,西池袋,要町,9,25000000,20,2013.0
347,中古マンション等,西池袋,要町,3,58000000,45,2013.0
348,中古マンション等,西池袋,椎名町,4,15000000,20,1998.0
349,中古マンション等,西池袋,椎名町,2,25000000,20,2012.0
350,中古マンション等,西池袋,椎名町,2,13000000,15,1988.0
351,宅地(土地と建物),西池袋,椎名町,9,59000000,50,1999.0
352,中古マンション等,西池袋,椎名町,2,32000000,30,2012.0
353,中古マンション等,西池袋,椎名町,2,25000000,20,2012.0
354,中古マンション等,西池袋,目白,9,49000000,50,1986.0
355,中古マンション等,西巣鴨,大塚(東京),11,39000000,55,1978.0
356,中古マンション等,西巣鴨,大塚(東京),12,17000000,20,2009.0
358,宅地(土地と建物),西巣鴨,大塚(東京),10,84000000,90,2021.0
359,中古マンション等,西巣鴨,大塚(東京),6,28000000,30,2004.0
360,中古マンション等,西巣鴨,大塚(東京),11,41000000,55,1978.0
361,中古マンション等,西巣鴨,庚申塚,1,76000000,85,2007.0
366,中古マンション等,西巣鴨,西巣鴨,5,19000000,20,2003.0
367,宅地(土地と建物),西巣鴨,西巣鴨,9,19000000,35,1969.0
368,中古マンション等,西巣鴨,西巣鴨,0,35000000,40,1985.0
369,中古マンション等,西巣鴨,西巣鴨,0,25000000,30,1985.0
370,中古マンション等,西巣鴨,西巣鴨,3,12000000,20,2008.0
371,中古マンション等,西巣鴨,西巣鴨,1,49000000,50,2005.0
372,中古マンション等,西巣鴨,西巣鴨,4,25000000,20,2013.0
373,中古マンション等,西巣鴨,西巣鴨,9,21000000,20,1986.0
374,中古マンション等,西巣鴨,西巣鴨,5,19000000,20,2003.0
375,中古マンション等,西巣鴨,西巣鴨,3,22000000,20,2008.0
376,中古マンション等,西巣鴨,西巣鴨,5,15000000,20,2003.0
377,中古マンション等,東池袋,池袋,8,15000000,30,1973.0
378,中古マンション等,東池袋,池袋,11,29000000,20,2014.0
379,中古マンション等,東池袋,池袋,8,15000000,20,1981.0
380,中古マンション等,東池袋,池袋,8,14000000,20,1981.0
382,中古マンション等,東池袋,池袋,9,9500000,15,1984.0
383,中古マンション等,東池袋,池袋,11,60000000,55,2003.0
384,中古マンション等,東池袋,池袋,11,24000000,20,2015.0
385,中古マンション等,東池袋,池袋,5,24000000,20,2006.0
386,中古マンション等,東池袋,池袋,10,92000000,90,2006.0
387,中古マンション等,東池袋,池袋,11,28000000,20,2015.0
388,中古マンション等,東池袋,池袋,11,27000000,20,2014.0
389,中古マンション等,東池袋,池袋,5,29000000,20,2016.0
390,中古マンション等,東池袋,池袋,5,24000000,20,2006.0
391,中古マンション等,東池袋,池袋,6,9000000,15,1980.0
392,中古マンション等,東池袋,池袋,9,9700000,15,1984.0
393,中古マンション等,東池袋,池袋,4,28000000,20,2016.0
394,中古マンション等,東池袋,池袋,9,11000000,15,1984.0
395,中古マンション等,東池袋,池袋,10,62000000,50,2019.0
396,中古マンション等,東池袋,池袋,10,60000000,50,2006.0
397,中古マンション等,東池袋,池袋,10,62000000,50,2006.0
398,中古マンション等,東池袋,池袋,5,25000000,20,2006.0
399,中古マンション等,東池袋,池袋,11,28000000,20,2015.0
400,宅地(土地と建物),東池袋,大塚(東京),8,52000000,65,2001.0
401,中古マンション等,東池袋,大塚(東京),11,29000000,30,2003.0
402,中古マンション等,東池袋,大塚(東京),6,15000000,20,1992.0
403,中古マンション等,東池袋,大塚(東京),5,27000000,30,1990.0
404,中古マンション等,東池袋,大塚(東京),4,23000000,20,2002.0
405,中古マンション等,東池袋,大塚(東京),10,20000000,25,1999.0
406,中古マンション等,東池袋,大塚(東京),6,27000000,20,2014.0
407,中古マンション等,東池袋,大塚(東京),8,38000000,60,1991.0
408,中古マンション等,東池袋,大塚(東京),4,21000000,20,2002.0
409,宅地(土地と建物),東池袋,新大塚,5,63000000,85,1969.0
410,中古マンション等,東池袋,新大塚,2,34000000,40,1973.0
411,中古マンション等,東池袋,新大塚,2,37000000,40,1973.0
412,中古マンション等,東池袋,新大塚,2,34000000,40,1973.0
413,中古マンション等,東池袋,新大塚,2,37000000,45,1973.0
414,中古マンション等,東池袋,東池袋,1,160000000,90,2007.0
415,中古マンション等,東池袋,東池袋,1,72000000,55,2007.0
416,宅地(土地と建物),東池袋,東池袋,3,52000000,70,2012.0
417,中古マンション等,東池袋,東池袋,1,20000000,20,2004.0
418,中古マンション等,東池袋,東池袋,2,3600000,45,1989.0
419,中古マンション等,東池袋,東池袋,8,27000000,30,2008.0
420,中古マンション等,東池袋,東池袋,2,140000000,70,2011.0
421,宅地(土地と建物),東池袋,東池袋,8,660000000,350,1989.0
422,中古マンション等,東池袋,東池袋,1,82000000,65,2007.0
423,中古マンション等,東池袋,東池袋,1,77000000,55,2007.0
424,中古マンション等,東池袋,東池袋,8,53000000,55,2001.0
425,中古マンション等,東池袋,東池袋,1,21000000,20,2004.0
426,中古マンション等,東池袋,東池袋,2,95000000,70,2011.0
427,中古マンション等,東池袋,東池袋,1,30000000,50,1984.0
428,中古マンション等,東池袋,東池袋,1,23000000,20,2004.0
429,中古マンション等,東池袋,東池袋,8,26000000,30,2001.0
430,中古マンション等,東池袋,東池袋,2,91000000,65,2011.0
431,中古マンション等,東池袋,東池袋,1,27000000,20,2015.0
432,中古マンション等,南池袋,池袋,8,30000000,20,2016.0
433,中古マンション等,南池袋,池袋,6,28000000,25,1999.0
434,中古マンション等,南池袋,池袋,7,86000000,60,2015.0
435,中古マンション等,南池袋,池袋,6,50000000,30,1999.0
436,中古マンション等,南池袋,池袋,7,60000000,40,2015.0
437,中古マンション等,南池袋,池袋,9,19000000,20,1996.0
440,中古マンション等,南池袋,東池袋,3,25000000,20,2015.0
441,中古マンション等,南池袋,東池袋,4,23000000,25,2013.0
442,中古マンション等,南池袋,東池袋,3,23000000,20,2007.0
443,中古マンション等,南池袋,東池袋,5,27000000,40,1980.0
444,宅地(土地と建物),南池袋,東池袋,2,45000000,75,1983.0
445,中古マンション等,南池袋,東池袋,4,24000000,20,2013.0
446,中古マンション等,南池袋,目白,7,12000000,15,1987.0
447,宅地(土地と建物),南大塚,大塚(東京),9,180000000,270,1966.0
448,宅地(土地と建物),南大塚,大塚(東京),5,1200000000,240,1992.0
449,中古マンション等,南大塚,大塚(東京),6,24000000,20,2014.0
450,中古マンション等,南大塚,大塚(東京),7,23000000,20,2015.0
451,中古マンション等,南大塚,大塚(東京),3,66000000,55,2014.0
452,宅地(土地と建物),南大塚,大塚(東京),6,2300000000,400,2018.0
454,中古マンション等,南大塚,大塚(東京),7,20000000,20,2008.0
456,中古マンション等,南大塚,大塚(東京),7,8000000,10,1984.0
457,中古マンション等,南大塚,大塚(東京),7,55000000,55,1997.0
458,中古マンション等,南大塚,大塚(東京),6,23000000,20,2012.0
459,中古マンション等,南大塚,大塚(東京),7,23000000,20,2015.0
460,中古マンション等,南大塚,大塚(東京),3,65000000,50,2016.0
461,中古マンション等,南大塚,大塚(東京),5,72000000,70,2006.0
462,宅地(土地と建物),南大塚,大塚(東京),10,75000000,60,2021.0
463,中古マンション等,南大塚,大塚(東京),6,79000000,70,2007.0
464,中古マンション等,南大塚,大塚(東京),6,21000000,20,2003.0
465,中古マンション等,南大塚,大塚(東京),6,32000000,35,2014.0
466,中古マンション等,南大塚,大塚(東京),6,24000000,20,2014.0
467,中古マンション等,南大塚,大塚(東京),6,20000000,20,1999.0
468,中古マンション等,南大塚,大塚(東京),5,32000000,30,1988.0
469,中古マンション等,南大塚,大塚(東京),7,20000000,20,2015.0
470,宅地(土地と建物),南大塚,新大塚,11,59000000,50,2010.0
471,中古マンション等,南大塚,新大塚,6,72000000,65,2005.0
472,中古マンション等,南大塚,新大塚,2,23000000,20,2012.0
473,宅地(土地と建物),南大塚,新大塚,4,74000000,50,2013.0
474,中古マンション等,南大塚,新大塚,3,7000000,15,1987.0
475,中古マンション等,南大塚,新大塚,6,64000000,70,2005.0
476,宅地(土地と建物),南大塚,新大塚,5,62000000,60,2008.0
477,中古マンション等,南大塚,巣鴨,6,23000000,20,2012.0
478,中古マンション等,南大塚,巣鴨,6,22000000,20,2012.0
479,中古マンション等,南長崎,落合南長崎,3,19000000,20,1998.0
480,宅地(土地と建物),南長崎,落合南長崎,6,66000000,60,2021.0
481,宅地(土地と建物),南長崎,落合南長崎,5,140000000,130,2020.0
482,宅地(土地と建物),南長崎,落合南長崎,6,65000000,60,2021.0
483,中古マンション等,南長崎,落合南長崎,3,23000000,20,2005.0
484,中古マンション等,南長崎,落合南長崎,4,19000000,20,1998.0
486,宅地(土地と建物),南長崎,椎名町,9,57000000,70,2021.0
487,宅地(土地と建物),南長崎,椎名町,9,60000000,65,2008.0
488,宅地(土地と建物),南長崎,椎名町,4,350000000,155,2021.0
489,中古マンション等,南長崎,椎名町,5,11000000,15,1994.0
490,宅地(土地と建物),南長崎,椎名町,9,57000000,70,2021.0
491,宅地(土地と建物),南長崎,椎名町,9,65000000,50,2021.0
492,中古マンション等,南長崎,椎名町,6,8400000,15,1987.0
493,中古マンション等,南長崎,椎名町,2,18000000,20,2004.0
494,中古マンション等,南長崎,東長崎,3,56000000,60,1997.0
495,宅地(土地と建物),南長崎,東長崎,7,20000000,85,1980.0
496,中古マンション等,南長崎,東長崎,7,12000000,20,1989.0
498,中古マンション等,目白,椎名町,5,21000000,20,2004.0
499,中古マンション等,目白,椎名町,5,8000000,15,1986.0
501,宅地(土地と建物),目白,椎名町,5,45000000,50,2014.0
502,中古マンション等,目白,椎名町,4,21000000,20,2011.0
503,中古マンション等,目白,椎名町,6,25000000,20,2015.0
504,中古マンション等,目白,椎名町,6,17000000,20,1999.0
505,中古マンション等,目白,椎名町,4,21000000,20,2011.0
506,中古マンション等,目白,雑司が谷(東京メトロ),3,21000000,20,2002.0
507,中古マンション等,目白,雑司が谷(東京メトロ),3,21000000,20,2002.0
508,中古マンション等,目白,雑司が谷(東京メトロ),2,23000000,20,2000.0
509,中古マンション等,目白,目白,2,55000000,40,2007.0
510,中古マンション等,目白,目白,3,65000000,90,1989.0
513,中古マンション等,目白,目白,2,40000000,30,2007.0
514,中古マンション等,目白,目白,6,210000000,250,1988.0
515,中古マンション等,目白,目白,8,93000000,60,2006.0
516,中古マンション等,目白,目白,3,67000000,65,1989.0
517,中古マンション等,目白,目白,8,180000000,95,2006.0
518,中古マンション等,目白,目白,4,41000000,30,2003.0
519,中古マンション等,目白,目白,8,77000000,65,1998.0
520,中古マンション等,目白,目白,8,130000000,85,2006.0
521,宅地(土地と建物),池袋,池袋,9,74000000,65,2017.0
522,宅地(土地と建物),池袋,池袋,9,130000000,80,1980.0
524,中古マンション等,池袋,池袋,9,25000000,25,2007.0
525,中古マンション等,池袋,池袋,12,35000000,25,2016.0
526,中古マンション等,池袋,池袋,8,34000000,25,2007.0
527,中古マンション等,池袋,池袋,9,27000000,20,2012.0
528,中古マンション等,池袋,池袋,11,25000000,20,2011.0
529,宅地(土地と建物),池袋,池袋,8,35000000,50,2000.0
531,中古マンション等,池袋,池袋,8,12000000,15,1985.0
532,中古マンション等,池袋,池袋,8,60000000,65,1999.0
533,中古マンション等,池袋,池袋,9,20000000,20,2005.0
534,中古マンション等,池袋,池袋,8,30000000,30,1999.0
535,中古マンション等,池袋,池袋,14,11000000,15,1990.0
536,中古マンション等,池袋,要町,10,23000000,20,2010.0
537,中古マンション等,池袋,要町,8,8400000,15,1987.0
538,中古マンション等,池袋,要町,8,8500000,15,1987.0
539,中古マンション等,池袋,要町,0,25000000,30,2001.0
540,宅地(土地と建物),池袋,要町,7,89000000,70,2021.0
542,宅地(土地と建物),池袋,北池袋,12,340000000,110,2018.0
543,中古マンション等,池袋本町,池袋,15,25000000,20,2010.0
544,宅地(土地と建物),池袋本町,北池袋,11,35000000,35,1990.0
546,中古マンション等,池袋本町,北池袋,4,11000000,15,1989.0
547,中古マンション等,池袋本町,北池袋,10,23000000,20,2007.0
548,中古マンション等,池袋本町,北池袋,5,10000000,15,1988.0
549,中古マンション等,池袋本町,北池袋,10,21000000,20,2005.0
551,中古マンション等,池袋本町,北池袋,4,10000000,15,1989.0
552,中古マンション等,池袋本町,北池袋,10,18000000,20,2005.0
554,中古マンション等,池袋本町,下板橋,3,34000000,25,2020.0
555,中古マンション等,池袋本町,下板橋,3,34000000,25,2020.0
556,中古マンション等,池袋本町,下板橋,7,50000000,65,1997.0
557,中古マンション等,池袋本町,下板橋,3,34000000,25,2020.0
558,中古マンション等,池袋本町,下板橋,3,34000000,25,2020.0
562,宅地(土地と建物),要町,要町,5,60000000,45,2021.0
563,宅地(土地と建物),要町,千川,2,120000000,100,1959.0
564,宅地(土地と建物),要町,千川,2,92000000,145,1977.0
565,中古マンション等,要町,千川,3,18000000,20,1996.0
566,宅地(土地と建物),要町,千川,4,76000000,60,2021.0
567,宅地(土地と建物),要町,千川,5,80000000,60,2021.0
568,中古マンション等,上池袋,池袋,14,24000000,35,1988.0
569,中古マンション等,上池袋,池袋,12,22000000,20,2000.0
570,宅地(土地と建物),上池袋,池袋,11,96000000,85,2021.0
571,中古マンション等,上池袋,池袋,11,24000000,20,2003.0
572,中古マンション等,上池袋,板橋,6,65000000,70,2005.0
573,中古マンション等,上池袋,大塚(東京),12,20000000,20,2013.0
574,宅地(土地と建物),上池袋,大塚(東京),10,150000000,200,1980.0
576,宅地(土地と建物),上池袋,北池袋,10,90000000,85,2021.0
577,宅地(土地と建物),上池袋,北池袋,5,32000000,45,1973.0
578,中古マンション等,上池袋,北池袋,8,20000000,20,2012.0
579,中古マンション等,上池袋,北池袋,2,17000000,20,2008.0
580,中古マンション等,上池袋,北池袋,8,21000000,20,2007.0
581,中古マンション等,上池袋,北池袋,1,38000000,35,2002.0
583,宅地(土地と建物),上池袋,北池袋,4,70000000,85,1992.0
584,中古マンション等,上池袋,北池袋,7,24000000,20,2016.0
585,中古マンション等,上池袋,北池袋,2,21000000,20,2008.0
586,宅地(土地と建物),上池袋,北池袋,10,97000000,75,2021.0
587,宅地(土地と建物),上池袋,北池袋,7,260000000,170,2021.0
590,宅地(土地と建物),北大塚,大塚(東京),7,77000000,115,1964.0
591,中古マンション等,北大塚,大塚(東京),5,21000000,20,2010.0
592,中古マンション等,北大塚,大塚(東京),5,25000000,20,2011.0
593,中古マンション等,北大塚,大塚(東京),4,90000000,70,2012.0
594,中古マンション等,北大塚,大塚(東京),6,21000000,20,2003.0
595,中古マンション等,北大塚,大塚(東京),5,19000000,20,2001.0
596,中古マンション等,北大塚,大塚(東京),4,27000000,25,1998.0
597,中古マンション等,北大塚,大塚(東京),4,37000000,35,2003.0
598,中古マンション等,北大塚,大塚(東京),4,20000000,20,1998.0
599,中古マンション等,北大塚,大塚(東京),4,22000000,20,2005.0
600,中古マンション等,北大塚,大塚(東京),6,75000000,65,2017.0
601,宅地(土地と建物),北大塚,大塚(東京),5,44000000,60,1972.0
602,中古マンション等,北大塚,大塚(東京),9,25000000,20,2013.0
603,中古マンション等,北大塚,大塚(東京),5,20000000,20,2002.0
604,中古マンション等,北大塚,大塚(東京),5,25000000,20,2005.0
606,宅地(土地と建物),駒込,駒込,8,68000000,55,2001.0
607,中古マンション等,駒込,駒込,4,54000000,50,2000.0
608,中古マンション等,駒込,駒込,3,20000000,20,2010.0
609,中古マンション等,駒込,駒込,2,55000000,45,1997.0
611,中古マンション等,駒込,駒込,2,83000000,70,2013.0
612,中古マンション等,駒込,駒込,1,30000000,30,1985.0
613,中古マンション等,駒込,駒込,1,15000000,15,1985.0
614,中古マンション等,駒込,駒込,2,68000000,55,2013.0
615,中古マンション等,駒込,駒込,5,23000000,20,2013.0
616,中古マンション等,駒込,駒込,1,12000000,15,1985.0
617,中古マンション等,駒込,駒込,1,13000000,15,1985.0
618,中古マンション等,駒込,駒込,6,82000000,85,2003.0
619,宅地(土地と建物),駒込,駒込,7,66000000,45,2021.0
620,中古マンション等,駒込,駒込,5,17000000,20,1999.0
621,宅地(土地と建物),駒込,駒込,4,63000000,50,2021.0
622,中古マンション等,駒込,駒込,2,64000000,50,2013.0
623,中古マンション等,駒込,巣鴨,5,75000000,65,2012.0
624,中古マンション等,駒込,巣鴨,5,90000000,65,2010.0
625,中古マンション等,駒込,巣鴨,8,27000000,25,2002.0
626,中古マンション等,駒込,巣鴨,4,95000000,85,2008.0
629,宅地(土地と建物),巣鴨,巣鴨,4,330000000,145,1991.0
631,中古マンション等,巣鴨,巣鴨,6,19000000,20,1998.0
632,中古マンション等,巣鴨,巣鴨,6,19000000,20,1998.0
634,中古マンション等,巣鴨,巣鴨,2,29000000,20,2013.0
635,宅地(土地と建物),巣鴨,巣鴨,4,680000000,185,1990.0
637,中古マンション等,巣鴨,巣鴨,2,25000000,20,2012.0
638,中古マンション等,巣鴨,巣鴨,2,28000000,20,2013.0
639,中古マンション等,巣鴨,巣鴨,10,12000000,15,1990.0
640,中古マンション等,巣鴨,西巣鴨,4,62000000,65,2006.0
641,中古マンション等,巣鴨,西巣鴨,8,53000000,65,2005.0
642,宅地(土地と建物),巣鴨,西巣鴨,9,35000000,55,1999.0
643,中古マンション等,巣鴨,西巣鴨,6,22000000,20,2010.0
644,中古マンション等,巣鴨,西巣鴨,6,15000000,20,1993.0
645,中古マンション等,巣鴨,西巣鴨,4,56000000,70,2006.0
651,中古マンション等,千川,千川,7,11000000,15,1992.0
652,宅地(土地と建物),千川,千川,10,62000000,50,2021.0
654,宅地(土地と建物),千川,千川,11,76000000,135,1965.0
655,宅地(土地と建物),千川,千川,9,76000000,85,2021.0
656,中古マンション等,雑司が谷,護国寺,5,12000000,20,2003.0
657,宅地(土地と建物),雑司が谷,雑司が谷(東京メトロ),5,68000000,45,2021.0
658,中古マンション等,雑司が谷,雑司が谷(東京メトロ),3,45000000,50,2001.0
659,中古マンション等,雑司が谷,雑司が谷(東京メトロ),3,66000000,65,1997.0
660,宅地(土地と建物),雑司が谷,雑司が谷(東京メトロ),5,60000000,50,2021.0
661,中古マンション等,雑司が谷,目白,9,47000000,45,1986.0
662,宅地(土地と建物),高田,江戸川橋,13,97000000,50,2021.0
663,中古マンション等,高田,雑司が谷(東京メトロ),6,26000000,20,2014.0
665,中古マンション等,高田,高田馬場,5,17000000,25,1982.0
666,中古マンション等,高田,高田馬場,7,39000000,45,2002.0
667,中古マンション等,高田,早稲田(メトロ),14,20000000,20,2008.0
668,中古マンション等,高田,早稲田(メトロ),14,19000000,20,2008.0
669,宅地(土地と建物),高松,要町,4,86000000,115,1988.0
671,中古マンション等,高松,要町,6,62000000,50,2010.0
673,中古マンション等,高松,要町,6,57000000,50,2010.0
674,中古マンション等,高松,要町,4,13000000,15,1989.0
675,宅地(土地と建物),高松,要町,3,63000000,55,2021.0
676,中古マンション等,高松,千川,11,47000000,65,2001.0
677,宅地(土地と建物),千早,要町,5,92000000,95,2021.0
680,宅地(土地と建物),千早,要町,7,58000000,45,2021.0
681,中古マンション等,千早,要町,2,65000000,55,2004.0
682,中古マンション等,千早,千川,6,18000000,20,2003.0
683,宅地(土地と建物),千早,千川,4,90000000,155,1986.0
685,中古マンション等,長崎,椎名町,2,21000000,20,2009.0
686,中古マンション等,長崎,椎名町,6,13000000,15,1993.0
687,中古マンション等,長崎,椎名町,7,11000000,15,1987.0
688,宅地(土地と建物),長崎,千川,9,62000000,80,2020.0
690,宅地(土地と建物),長崎,東長崎,5,80000000,110,1985.0
691,宅地(土地と建物),長崎,東長崎,5,66000000,70,2021.0
692,宅地(土地と建物),長崎,東長崎,5,20000000,45,1976.0
693,中古マンション等,長崎,東長崎,2,32000000,65,1971.0
694,中古マンション等,長崎,東長崎,11,21000000,20,2015.0
695,宅地(土地と建物),西池袋,池袋,10,110000000,100,1985.0
696,宅地(土地と建物),西池袋,池袋,8,210000000,185,1987.0
698,中古マンション等,西池袋,池袋,6,37000000,35,2003.0
699,中古マンション等,西池袋,池袋,12,29000000,40,1991.0
700,中古マンション等,西池袋,池袋,11,23000000,20,2004.0
701,宅地(土地と建物),西池袋,池袋,6,390000000,430,1986.0
702,中古マンション等,西池袋,池袋,7,25000000,40,1978.0
703,中古マンション等,西池袋,池袋,6,32000000,25,2003.0
705,中古マンション等,西池袋,池袋,9,100000000,75,2015.0
706,宅地(土地と建物),西池袋,要町,1,140000000,360,1991.0
707,中古マンション等,西池袋,要町,9,26000000,20,2013.0
708,中古マンション等,西池袋,要町,9,25000000,20,2013.0
710,中古マンション等,西池袋,椎名町,2,31000000,30,2012.0
711,宅地(土地と建物),西巣鴨,大塚(東京),9,20000000,60,1951.0
712,宅地(土地と建物),西巣鴨,大塚(東京),9,59000000,105,1968.0
713,宅地(土地と建物),西巣鴨,西巣鴨,10,74000000,75,2018.0
714,宅地(土地と建物),西巣鴨,西巣鴨,5,50000000,40,2021.0
715,宅地(土地と建物),西巣鴨,西巣鴨,9,69000000,85,2010.0
716,中古マンション等,西巣鴨,西巣鴨,5,14000000,15,1991.0
717,中古マンション等,西巣鴨,西巣鴨,4,44000000,40,2009.0
718,中古マンション等,西巣鴨,西巣鴨,0,40000000,55,1985.0
719,中古マンション等,西巣鴨,西巣鴨,9,64000000,75,2004.0
720,中古マンション等,西巣鴨,西巣鴨,7,21000000,25,2010.0
721,中古マンション等,東池袋,池袋,9,22000000,20,2006.0
722,中古マンション等,東池袋,池袋,7,12000000,15,1981.0
723,中古マンション等,東池袋,池袋,11,20000000,40,1984.0
724,中古マンション等,東池袋,池袋,9,9400000,20,1974.0
725,中古マンション等,東池袋,池袋,8,21000000,20,2006.0
726,中古マンション等,東池袋,池袋,14,65000000,55,2008.0
727,中古マンション等,東池袋,池袋,7,11000000,15,1981.0
728,中古マンション等,東池袋,池袋,11,29000000,20,2015.0
729,中古マンション等,東池袋,池袋,5,27000000,20,2016.0
730,中古マンション等,東池袋,大塚(東京),8,14000000,20,1985.0
731,中古マンション等,東池袋,大塚(東京),10,21000000,25,1999.0
732,中古マンション等,東池袋,大塚(東京),6,20000000,20,2005.0
733,中古マンション等,東池袋,大塚(東京),11,20000000,15,2005.0
734,中古マンション等,東池袋,大塚(東京),8,25000000,25,1985.0
735,中古マンション等,東池袋,東池袋,2,40000000,45,1989.0
736,中古マンション等,東池袋,東池袋,2,80000000,50,2011.0
737,中古マンション等,東池袋,東池袋,1,110000000,80,2007.0
738,中古マンション等,東池袋,東池袋,2,24000000,20,2011.0
739,中古マンション等,東池袋,東池袋,1,23000000,25,2004.0
741,中古マンション等,東池袋,東池袋,2,160000000,85,2011.0
742,中古マンション等,南池袋,池袋,8,20000000,20,2001.0
743,中古マンション等,南池袋,池袋,7,88000000,60,2015.0
744,中古マンション等,南池袋,池袋,7,66000000,40,2015.0
745,中古マンション等,南池袋,池袋,7,55000000,40,2015.0
748,中古マンション等,南池袋,東池袋,3,25000000,20,2015.0
749,中古マンション等,南池袋,東池袋,3,23000000,20,2007.0
750,中古マンション等,南池袋,目白,7,11000000,15,1987.0
751,中古マンション等,南大塚,大塚(東京),6,22000000,20,2001.0
752,中古マンション等,南大塚,大塚(東京),6,27000000,20,2014.0
753,中古マンション等,南大塚,大塚(東京),3,71000000,55,2014.0
754,中古マンション等,南大塚,大塚(東京),6,26000000,20,2014.0
755,宅地(土地と建物),南大塚,大塚(東京),9,77000000,60,2021.0
756,中古マンション等,南大塚,大塚(東京),3,16000000,20,2012.0
757,中古マンション等,南大塚,大塚(東京),7,23000000,20,2015.0
758,中古マンション等,南大塚,大塚(東京),3,25000000,20,2012.0
760,宅地(土地と建物),南大塚,新大塚,5,73000000,50,2021.0
762,宅地(土地と建物),南大塚,新大塚,8,65000000,60,2001.0
764,中古マンション等,南大塚,巣鴨,6,22000000,20,2012.0
765,宅地(土地と建物),南長崎,落合南長崎,9,93000000,85,2021.0
766,宅地(土地と建物),南長崎,落合南長崎,7,43000000,55,2021.0
767,中古マンション等,南長崎,落合南長崎,4,12000000,25,1992.0
768,中古マンション等,南長崎,落合南長崎,3,24000000,20,2005.0
770,中古マンション等,南長崎,椎名町,2,20000000,20,2003.0
771,中古マンション等,南長崎,椎名町,8,18000000,20,2009.0
772,中古マンション等,南長崎,椎名町,8,13000000,15,1992.0
774,中古マンション等,南長崎,椎名町,6,10000000,15,1987.0
775,宅地(土地と建物),南長崎,東長崎,4,53000000,150,1980.0
777,中古マンション等,南長崎,東長崎,6,11000000,15,1987.0
779,中古マンション等,南長崎,東長崎,4,19000000,20,2014.0
780,中古マンション等,南長崎,東長崎,6,19000000,20,2011.0
781,中古マンション等,目白,椎名町,10,35000000,30,2010.0
783,中古マンション等,目白,椎名町,6,19000000,20,1999.0
784,中古マンション等,目白,椎名町,5,22000000,20,2004.0
785,中古マンション等,目白,椎名町,10,20000000,20,1998.0
786,中古マンション等,目白,雑司が谷(東京メトロ),5,51000000,50,2000.0
787,中古マンション等,目白,目白,9,69000000,70,1999.0
789,中古マンション等,目白,目白,8,150000000,70,2006.0
